[
  {
    "name": "Afghanistan",
    "code": "AF"
  },
  {
    "name": "Albania",
    "code": "AL"
  },
  {
    "name": "Algeria",
    "code": "DZ"
  },
  {
    "name": "Andorra",
    "code": "AD"
  },
  {
    "name": "Angola",
    "code": "AO"
  },
  {
    "name": "Argentina",
    "code": "AR"
  },
  {
    "name": "Armenia",
    "code": "AM"
  },
  {
    "name": "Australia",
    "code": "AU"
  },
  {
    "name": "Austria",
    "code": "AT"
  },
  {
    "name": "Azerbaijan",
    "code": "AZ"
  },
  {
    "name": "Bahrain",
    "code": "BH"
  },
  {
    "name": "Bangladesh",
    "code": "BD"
  },
  {
    "name": "Barbados",
    "code": "BB"
  },
  {
    "name": "Belarus",
    "code": "BY"
  },
  {
    "name": "Belgium",
    "code": "BE"
  },
  {
    "name": "Belize",
    "code": "BZ"
  },
  {
    "name": "Benin",
    "code": "BJ"
  },
  {
    "name": "Bermuda",
    "code": "BM"
  },
  {
    "name": "Bhutan",
    "code": "BT"
  },
  {
    "name": "Bolivia (Plurinational State of)",
    "code": "BO"
  },
  {
    "name": "Bosnia and Herzegovina",
    "code": "BA"
  },
  {
    "name": "Botswana",
    "code": "BW"
  },
  {
    "name": "Brazil",
    "code": "BR"
  },
  {
    "name": "Brunei Darussalam",
    "code": "BN"
  },
  {
    "name": "Bulgaria",
    "code": "BG"
  },
  {
    "name": "Burkina Faso",
    "code": "BF"
  },
  {
    "name": "Burundi",
    "code": "BI"
  },
  {
    "name": "Cambodia",
    "code": "KH"
  },
  {
    "name": "Cameroon",
    "code": "CM"
  },
  {
    "name": "Canada",
    "code": "CA"
  },
  {
    "name": "Cayman Islands (the)",
    "code": "KY"
  },
  {
    "name": "Central African Republic (the)",
    "code": "CF"
  },
  {
    "name": "Chad",
    "code": "TD"
  },
  {
    "name": "Chile",
    "code": "CL"
  },
  {
    "name": "China",
    "code": "CN"
  },
  {
    "name": "Colombia",
    "code": "CO"
  },
  {
    "name": "Congo (the Democratic Republic of the)",
    "code": "CD"
  },
  {
    "name": "Congo (the)",
    "code": "CG"
  },
  {
    "name": "Costa Rica",
    "code": "CR"
  },
  {
    "name": "Côte d'Ivoire",
    "code": "CI"
  },
  {
    "name": "Croatia",
    "code": "HR"
  },
  {
    "name": "Cuba",
    "code": "CU"
  },
  {
    "name": "Cyprus",
    "code": "CY"
  },
  {
    "name": "Czechia",
    "code": "CZ"
  },
  {
    "name": "Denmark",
    "code": "DK"
  },
  {
    "name": "Djibouti",
    "code": "DJ"
  },
  {
    "name": "Dominican Republic (the)",
    "code": "DO"
  },
  {
    "name": "Ecuador",
    "code": "EC"
  },
  {
    "name": "Egypt",
    "code": "EG"
  },
  {
    "name": "El Salvador",
    "code": "SV"
  },
  {
    "name": "Equatorial Guinea",
    "code": "GQ"
  },
  {
    "name": "Eritrea",
    "code": "ER"
  },
  {
    "name": "Estonia",
    "code": "EE"
  },
  {
    "name": "Ethiopia",
    "code": "ET"
  },
  {
    "name": "Faroe Islands (the)",
    "code": "FO"
  },
  {
    "name": "Fiji",
    "code": "FJ"
  },
  {
    "name": "Finland",
    "code": "FI"
  },
  {
    "name": "France",
    "code": "FR"
  },
  {
    "name": "French Guiana",
    "code": "GF"
  },
  {
    "name": "French Polynesia",
    "code": "PF"
  },
  {
    "name": "Gabon",
    "code": "GA"
  },
  {
    "name": "Gambia (the)",
    "code": "GM"
  },
  {
    "name": "Georgia",
    "code": "GE"
  },
  {
    "name": "Germany",
    "code": "DE"
  },
  {
    "name": "Ghana",
    "code": "GH"
  },
  {
    "name": "Gibraltar",
    "code": "GI"
  },
  {
    "name": "Greece",
    "code": "GR"
  },
  {
    "name": "Greenland",
    "code": "GL"
  },
  {
    "name": "Guatemala",
    "code": "GT"
  },
  {
    "name": "Guinea",
    "code": "GN"
  },
  {
    "name": "Guinea-Bissau",
    "code": "GW"
  },
  {
    "name": "Guyana",
    "code": "GY"
  },
  {
    "name": "Haiti",
    "code": "HT"
  },
  {
    "name": "Honduras",
    "code": "HN"
  },
  {
    "name": "Hong Kong",
    "code": "HK"
  },
  {
    "name": "Hungary",
    "code": "HU"
  },
  {
    "name": "Iceland",
    "code": "IS"
  },
  {
    "name": "India",
    "code": "IN"
  },
  {
    "name": "Indonesia",
    "code": "ID"
  },
  {
    "name": "Iran (Islamic Republic of)",
    "code": "IR"
  },
  {
    "name": "Iraq",
    "code": "IQ"
  },
  {
    "name": "Ireland",
    "code": "IE"
  },
  {
    "name": "Israel",
    "code": "IL"
  },
  {
    "name": "Italy",
    "code": "IT"
  },
  {
    "name": "Jamaica",
    "code": "JM"
  },
  {
    "name": "Japan",
    "code": "JP"
  },
  {
    "name": "Jordan",
    "code": "JO"
  },
  {
    "name": "Kazakhstan",
    "code": "KZ"
  },
  {
    "name": "Kenya",
    "code": "KE"
  },
  {
    "name": "Korea (the Democratic People's Republic of)",
    "code": "KP"
  },
  {
    "name": "Korea (the Republic of)",
    "code": "KR"
  },
  {
    "name": "Kuwait",
    "code": "KW"
  },
  {
    "name": "Kyrgyzstan",
    "code": "KG"
  },
  {
    "name": "Latvia",
    "code": "LV"
  },
  {
    "name": "Lebanon",
    "code": "LB"
  },
  {
    "name": "Lesotho",
    "code": "LS"
  },
  {
    "name": "Liberia",
    "code": "LR"
  },
  {
    "name": "Libya",
    "code": "LY"
  },
  {
    "name": "Liechtenstein",
    "code": "LI"
  },
  {
    "name": "Lithuania",
    "code": "LT"
  },
  {
    "name": "Luxembourg",
    "code": "LU"
  },
  {
    "name": "Macedonia (the former Yugoslav Republic of)",
    "code": "MK"
  },
  {
    "name": "Madagascar",
    "code": "MG"
  },
  {
    "name": "Malawi",
    "code": "MW"
  },
  {
    "name": "Malaysia",
    "code": "MY"
  },
  {
    "name": "Mali",
    "code": "ML"
  },
  {
    "name": "Malta",
    "code": "MT"
  },
  {
    "name": "Mauritania",
    "code": "MR"
  },
  {
    "name": "Mauritius",
    "code": "MU"
  },
  {
    "name": "Mexico",
    "code": "MX"
  },
  {
    "name": "Moldova (the Republic of)",
    "code": "MD"
  },
  {
    "name": "Monaco",
    "code": "MC"
  },
  {
    "name": "Mongolia",
    "code": "MN"
  },
  {
    "name": "Montenegro",
    "code": "ME"
  },
  {
    "name": "Morocco",
    "code": "MA"
  },
  {
    "name": "Mozambique",
    "code": "MZ"
  },
  {
    "name": "Myanmar",
    "code": "MM"
  },
  {
    "name": "Namibia",
    "code": "NA"
  },
  {
    "name": "Nepal",
    "code": "NP"
  },
  {
    "name": "Netherlands (the)",
    "code": "NL"
  },
  {
    "name": "New Zealand",
    "code": "NZ"
  },
  {
    "name": "Nicaragua",
    "code": "NI"
  },
  {
    "name": "Niger (the)",
    "code": "NE"
  },
  {
    "name": "Nigeria",
    "code": "NG"
  },
  {
    "name": "Norway",
    "code": "NO"
  },
  {
    "name": "Oman",
    "code": "OM"
  },
  {
    "name": "Pakistan",
    "code": "PK"
  },
  {
    "name": "Panama",
    "code": "PA"
  },
  {
    "name": "Papua New Guinea",
    "code": "PG"
  },
  {
    "name": "Paraguay",
    "code": "PY"
  },
  {
    "name": "Peru",
    "code": "PE"
  },
  {
    "name": "Philippines (the)",
    "code": "PH"
  },
  {
    "name": "Poland",
    "code": "PL"
  },
  {
    "name": "Portugal",
    "code": "PT"
  },
  {
    "name": "Qatar",
    "code": "QA"
  },
  {
    "name": "Romania",
    "code": "RO"
  },
  {
    "name": "Russian Federation (the)",
    "code": "RU"
  },
  {
    "name": "Rwanda",
    "code": "RW"
  },
  {
    "name": "San Marino",
    "code": "SM"
  },
  {
    "name": "Saudi Arabia",
    "code": "SA"
  },
  {
    "name": "Senegal",
    "code": "SN"
  },
  {
    "name": "Serbia",
    "code": "RS"
  },
  {
    "name": "Seychelles",
    "code": "SC"
  },
  {
    "name": "Sierra Leone",
    "code": "SL"
  },
  {
    "name": "Singapore",
    "code": "SG"
  },
  {
    "name": "Slovakia",
    "code": "SK"
  },
  {
    "name": "Slovenia",
    "code": "SI"
  },
  {
    "name": "Somalia",
    "code": "SO"
  },
  {
    "name": "South Africa",
    "code": "ZA"
  },
  {
    "name": "South Sudan",
    "code": "SS"
  },
  {
    "name": "Spain",
    "code": "ES"
  },
  {
    "name": "Sri Lanka",
    "code": "LK"
  },
  {
    "name": "Sudan (the)",
    "code": "SD"
  },
  {
    "name": "Suriname",
    "code": "SR"
  },
  {
    "name": "Swaziland",
    "code": "SZ"
  },
  {
    "name": "Sweden",
    "code": "SE"
  },
  {
    "name": "Switzerland",
    "code": "CH"
  },
  {
    "name": "Syrian Arab Republic",
    "code": "SY"
  },
  {
    "name": "Taiwan (Province of China)",
    "code": "TW"
  },
  {
    "name": "Tajikistan",
    "code": "TJ"
  },
  {
    "name": "Tanzania, United Republic of",
    "code": "TZ"
  },
  {
    "name": "Thailand",
    "code": "TH"
  },
  {
    "name": "Togo",
    "code": "TG"
  },
  {
    "name": "Trinidad and Tobago",
    "code": "TT"
  },
  {
    "name": "Tunisia",
    "code": "TN"
  },
  {
    "name": "Turkey",
    "code": "TR"
  },
  {
    "name": "Turkmenistan",
    "code": "TM"
  },
  {
    "name": "Uganda",
    "code": "UG"
  },
  {
    "name": "Ukraine",
    "code": "UA"
  },
  {
    "name": "United Arab Emirates (the)",
    "code": "AE"
  },
  {
    "name": "United Kingdom of Great Britain and Northern Ireland (the)",
    "code": "GB"
  },
  {
    "name": "United States of America (the)",
    "code": "US"
  },
  {
    "name": "Uruguay",
    "code": "UY"
  },
  {
    "name": "Uzbekistan",
    "code": "UZ"
  },
  {
    "name": "Venezuela (Bolivarian Republic of)",
    "code": "VE"
  },
  {
    "name": "Viet Nam",
    "code": "VN"
  },
  {
    "name": "Yemen",
    "code": "YE"
  },
  {
    "name": "Zambia",
    "code": "ZM"
  },
  {
    "name": "Zimbabwe",
    "code": "ZW"
  }
]
